loc,v(g),ev(g),iv(g),n,v,l,d,i,e,b,t,lOCode,lOComment,lOBlank,lOCodeAndComment,uniq_Op,uniq_Opnd,total_Op,total_Opnd,branchCount,class
,,1.4,1.4,1.3,,,1.3,1.3,1.3,1.3,,2.0,2.0,2.0,,,,,1.2,,no
1.0,1.0,,1.0,,,,,1.0,,1.0,,1.0,1.0,1.0,,,1.0,1.0,1.0,1.0,yes
415.0,59.0,,51.0,1159.0,8411.31,0.01,,81.24,870848.58,2.8,,,35.0,,,47.0,106.0,,467.0,,yes
230.0,33.0,,16.0,,,,39.82,,148644.06,,8258.0,174.0,,,5.0,,,,232.0,,yes
,26.0,12.0,,500.0,,0.03,29.48,105.96,,1.04,5116.84,,7.0,19.0,4.0,,58.0,,,51.0,yes
,,13.0,11.0,440.0,2714.77,0.03,32.25,,87589.65,0.9,,139.0,2.0,20.0,0.0,19.0,53.0,260.0,,31.0,yes
152.0,,6.0,,,,,31.68,83.01,83311.56,,,114.0,18.0,17.0,0.0,,,,176.0,,yes
,1.0,1.0,1.0,1.0,,,0.0,,0.0,0.0,,,0.0,0.0,,1.0,,,,1.0,no
,2.0,1.0,2.0,22.0,88.0,,,,509.14,0.03,28.29,,,,,,7.0,13.0,9.0,,no
10.0,,1.0,2.0,18.0,64.53,0.14,7.0,9.22,,0.02,25.09,,0.0,0.0,,8.0,,,,,no
8.0,1.0,1.0,,10.0,31.7,,,15.85,,,3.52,3.0,0.0,0.0,1.0,4.0,5.0,,5.0,,no
6.0,1.0,1.0,1.0,,,0.67,,7.74,17.41,,0.97,,0.0,2.0,,,2.0,3.0,2.0,,no
14.0,2.0,1.0,,,36.54,,3.75,,,,,3.0,,0.0,,6.0,4.0,6.0,,3.0,no
4.0,,1.0,,9.0,,0.67,,16.84,37.9,0.01,2.11,2.0,0.0,0.0,,,4.0,5.0,,1.0,no
,1.0,1.0,,,,0.0,,0.0,0.0,0.0,,0.0,0.0,0.0,0.0,3.0,2.0,3.0,2.0,,no
,1.0,,,5.0,,,,7.74,17.41,,0.97,0.0,,,,,,1.0,0.0,,no
,,1.0,2.0,83.0,429.1,,,22.58,,,,,1.0,,0.0,,17.0,,34.0,,no
,,,1.0,,19.65,,2.5,,,0.01,,2.0,,0.0,0.0,5.0,2.0,,2.0,1.0,no
9.0,2.0,,1.0,21.0,87.57,0.25,4.0,,,0.03,19.46,,,0.0,,8.0,10.0,11.0,,3.0,no
9.0,,,,21.0,87.57,0.25,4.0,,350.27,0.03,19.46,8.0,0.0,0.0,0.0,8.0,,,10.0,3.0,no
6.0,,,1.0,,57.36,0.35,2.86,20.08,163.88,,,5.0,,,,5.0,,,,1.0,no
6.0,,,,16.0,57.36,0.35,,20.08,163.88,0.02,9.1,,0.0,0.0,0.0,5.0,,8.0,8.0,1.0,no
11.0,1.0,1.0,1.0,25.0,,0.27,,,407.26,,22.63,,0.0,,,,13.0,,14.0,1.0,no
14.0,,,2.0,33.0,147.16,,,,1177.29,0.05,65.4,11.0,1.0,,0.0,,,,,3.0,no
63.0,,4.0,,157.0,829.81,,,,15102.51,0.28,,55.0,2.0,,0.0,14.0,25.0,,,,no
3.0,,,,,,0.0,0.0,,,0.0,0.0,,,,0.0,1.0,,,,,no
,12.0,4.0,,193.0,1135.35,0.05,,57.0,,,,56.0,5.0,8.0,0.0,22.0,37.0,126.0,67.0,,no
10.0,1.0,,,17.0,53.89,0.5,2.0,,107.78,,5.99,,0.0,,0.0,3.0,,9.0,8.0,,no
7.0,,,,17.0,,,1.5,39.21,,,4.9,5.0,,0.0,0.0,,,,,1.0,no
4.0,1.0,,,6.0,15.51,0.4,,6.2,38.77,0.01,,2.0,0.0,,0.0,5.0,,,1.0,1.0,no
5.0,1.0,1.0,1.0,5.0,,,,7.74,17.41,0.0,,,0.0,0.0,0.0,,2.0,,2.0,1.0,no
38.0,,,5.0,,,0.07,13.68,35.81,6705.26,,,,1.0,,0.0,13.0,,58.0,40.0,17.0,no
15.0,3.0,1.0,,32.0,138.3,,6.5,21.28,898.96,0.05,49.94,12.0,0.0,1.0,,10.0,10.0,19.0,,5.0,no
45.0,6.0,,,104.0,549.68,0.07,,,,,446.12,,1.0,5.0,,16.0,23.0,62.0,,,no
,,1.0,2.0,,520.19,,13.89,,7227.91,0.17,401.55,29.0,,4.0,2.0,12.0,19.0,,,7.0,no
,2.0,1.0,2.0,10.0,,0.22,4.5,6.67,135.0,,7.5,,,,0.0,6.0,,,,3.0,no
,,,,220.0,1178.66,,15.03,78.4,17719.21,0.39,984.4,73.0,0.0,7.0,0.0,,,,,19.0,no
,2.0,1.0,2.0,18.0,66.61,0.18,5.6,,373.0,0.02,20.72,,0.0,1.0,0.0,8.0,,,,,no
12.0,,,,29.0,120.93,0.17,6.0,20.15,725.57,0.04,40.31,9.0,0.0,1.0,0.0,9.0,9.0,,12.0,,no
64.0,4.0,1.0,3.0,92.0,464.08,0.14,,65.12,,0.15,,,,5.0,,,,54.0,,7.0,no
4.0,1.0,,1.0,4.0,8.0,,1.5,5.33,,0.0,,2.0,,0.0,,3.0,1.0,,,,no
,1.0,,1.0,4.0,8.0,,1.5,5.33,,,0.67,,0.0,,0.0,3.0,1.0,3.0,1.0,,no
4.0,1.0,1.0,,,8.0,0.67,1.5,,12.0,,0.67,2.0,0.0,0.0,,3.0,1.0,,1.0,1.0,no
,1.0,,,4.0,8.0,,,5.33,12.0,0.0,,,0.0,,0.0,3.0,1.0,3.0,1.0,1.0,no
4.0,1.0,,1.0,4.0,8.0,,,5.33,12.0,,,2.0,0.0,,,,,,,1.0,no
,1.0,1.0,,4.0,,,1.5,,,0.0,0.67,,0.0,0.0,,,1.0,,1.0,1.0,no
,,1.0,1.0,4.0,8.0,0.67,1.5,,,0.0,0.67,2.0,,,,3.0,1.0,3.0,,1.0,no
,1.0,1.0,,8.0,22.46,,2.0,11.23,,,2.5,4.0,0.0,2.0,0.0,,3.0,5.0,3.0,1.0,no
,6.0,1.0,6.0,185.0,,0.05,19.32,,,0.33,1049.5,49.0,7.0,,,14.0,25.0,116.0,69.0,11.0,no
,2.0,1.0,1.0,11.0,,0.4,,14.62,91.35,0.01,,,,,,5.0,5.0,6.0,5.0,,no
,1.0,1.0,1.0,,87.57,0.16,6.25,14.01,547.31,0.03,30.41,6.0,0.0,2.0,0.0,10.0,,,5.0,1.0,no
23.0,,1.0,2.0,,183.4,,6.77,27.09,1241.47,0.06,68.97,,,,0.0,11.0,,,,,no
,4.0,1.0,3.0,45.0,200.67,0.15,6.67,,,0.07,74.32,,,,,,12.0,29.0,16.0,,no
13.0,1.0,1.0,,14.0,46.51,0.67,,,,,3.88,4.0,0.0,,2.0,,7.0,7.0,7.0,1.0,no
,1.0,1.0,,32.0,,0.13,7.56,17.97,1028.0,,57.11,,0.0,3.0,0.0,11.0,8.0,,,,no
,,,,,130.8,0.13,7.86,16.65,,0.04,57.09,6.0,3.0,,,,7.0,21.0,,,no
26.0,,1.0,3.0,,249.12,0.11,,27.68,,,,19.0,0.0,3.0,,13.0,13.0,,18.0,,no
6.0,,,1.0,11.0,,0.29,3.5,,122.04,0.01,6.78,4.0,,0.0,,7.0,,,,1.0,no
,,1.0,1.0,38.0,,0.13,,21.73,1321.78,,73.43,,,,0.0,,,,13.0,,no
,1.0,1.0,1.0,,34.87,,,9.96,122.04,,6.78,,0.0,,0.0,7.0,,,,1.0,no
4.0,1.0,1.0,1.0,9.0,,0.33,,8.42,75.8,0.01,4.21,2.0,0.0,0.0,0.0,,1.0,8.0,1.0,,no
6.0,2.0,1.0,,15.0,,,,18.5,,0.02,,4.0,,,,6.0,7.0,8.0,7.0,,no
3.0,,1.0,,1.0,0.0,0.0,,,,0.0,0.0,1.0,0.0,0.0,0.0,,0.0,1.0,0.0,1.0,no
,,,2.0,,310.91,,,28.97,3337.11,,185.39,13.0,0.0,2.0,,14.0,,41.0,23.0,5.0,no
22.0,2.0,,,34.0,141.78,0.17,6.0,,850.66,0.05,,8.0,1.0,,0.0,10.0,14.0,,,,no
,1.0,1.0,1.0,,265.93,,,31.02,2279.38,,126.63,13.0,,5.0,0.0,,9.0,22.0,12.0,3.0,no
23.0,2.0,1.0,,,,0.1,10.39,39.28,4239.4,,235.52,,0.0,2.0,0.0,11.0,18.0,50.0,34.0,3.0,no
28.0,2.0,1.0,,,,,,66.7,,,,21.0,,3.0,0.0,,,82.0,48.0,,no
9.0,1.0,1.0,,,,,0.75,8.45,4.75,0.0,0.26,2.0,0.0,0.0,0.0,3.0,2.0,,,,no
,1.0,1.0,1.0,,67.34,0.12,8.25,,,,30.86,5.0,0.0,0.0,,2.0,10.0,8.0,,,no
,1.0,1.0,1.0,19.0,68.11,0.91,,61.92,74.93,,4.16,4.0,,,0.0,,,,,1.0,no
4.0,,1.0,,4.0,8.0,,1.5,5.33,12.0,,,2.0,0.0,0.0,0.0,3.0,1.0,3.0,,,no
,1.0,,1.0,6.0,,0.5,2.0,7.75,,0.01,1.72,2.0,,,,4.0,2.0,4.0,2.0,,no
,1.0,1.0,1.0,4.0,,0.67,1.5,5.33,,,,,0.0,,0.0,3.0,1.0,,1.0,,no
15.0,1.0,1.0,,55.0,224.81,0.17,,,,0.07,71.53,,0.0,1.0,,6.0,,,21.0,1.0,no
4.0,1.0,,1.0,,11.61,,1.5,7.74,17.41,,,2.0,0.0,,,3.0,,3.0,2.0,1.0,no
56.0,3.0,1.0,2.0,,1722.65,0.06,,95.28,31145.55,,,,,13.0,0.0,,,105.0,,17.0,no
4.0,1.0,,1.0,7.0,19.65,,,,39.3,0.01,2.18,2.0,0.0,0.0,,,,4.0,,,no
7.0,,1.0,,5.0,,0.0,0.0,,0.0,0.0,,2.0,2.0,,,5.0,0.0,5.0,0.0,,no
78.0,6.0,5.0,6.0,,1704.44,0.04,,65.26,,0.57,,67.0,5.0,4.0,0.0,,34.0,191.0,,11.0,no
3.0,1.0,1.0,1.0,1.0,0.0,,0.0,,,,,1.0,,,0.0,1.0,,,0.0,1.0,no
,2.0,1.0,2.0,23.0,87.57,0.14,7.2,,,0.03,35.03,,,2.0,,9.0,,,8.0,,no
39.0,4.0,3.0,3.0,75.0,,,13.13,,,0.12,270.93,,2.0,5.0,0.0,,,47.0,,7.0,no
30.0,,5.0,,,346.13,0.07,14.0,,4845.81,,269.21,20.0,,5.0,0.0,14.0,14.0,44.0,,11.0,no
4.0,1.0,,1.0,,,,,,12.0,,0.67,2.0,0.0,,,,,3.0,1.0,1.0,no
102.0,25.0,,4.0,,1488.0,0.05,19.17,,28525.28,0.5,,,3.0,5.0,,17.0,47.0,142.0,,49.0,no
,2.0,1.0,2.0,22.0,83.76,0.17,,13.96,,,,8.0,,0.0,,8.0,6.0,13.0,,3.0,no
,4.0,,4.0,102.0,495.51,0.09,11.61,42.68,,0.17,,,1.0,7.0,,11.0,18.0,,38.0,,no
46.0,4.0,1.0,,,564.78,0.06,,,8769.75,,487.21,35.0,,,1.0,13.0,18.0,71.0,43.0,7.0,no
,,,4.0,67.0,,0.08,,24.97,3877.26,0.1,215.4,,0.0,2.0,,12.0,,40.0,,11.0,no
,,,1.0,,0.0,,,,,,,1.0,,0.0,0.0,1.0,,1.0,0.0,,no
68.0,,1.0,3.0,76.0,,,12.27,28.4,,0.12,237.52,25.0,,,,,24.0,,,,no
31.0,5.0,1.0,3.0,167.0,863.38,,,47.31,15756.64,0.29,875.37,51.0,,,,,13.0,47.0,,9.0,no
4.0,1.0,1.0,,,8.0,,1.5,,,0.0,,,0.0,0.0,0.0,3.0,1.0,3.0,1.0,,no
,1.0,1.0,,10.0,30.0,0.33,3.0,,90.0,,5.0,5.0,,,,4.0,5.0,4.0,7.0,1.0,no
8.0,,,,1.0,0.0,,0.0,,,0.0,0.0,1.0,0.0,0.0,,4.0,,,6.0,,no
7.0,,1.0,1.0,11.0,,,,12.45,97.63,0.01,,5.0,,0.0,,,,10.0,13.0,,no
,,1.0,1.0,,,0.92,,80.83,94.87,,5.27,,,0.0,0.0,1.0,,1.0,0.0,1.0,no
,,1.0,4.0,,626.83,0.07,,45.55,8625.23,0.21,,37.0,,5.0,0.0,16.0,25.0,,43.0,9.0,no
,1.0,,1.0,6.0,15.51,0.4,2.5,,38.77,0.01,2.15,,0.0,0.0,0.0,5.0,1.0,5.0,1.0,1.0,no
,1.0,1.0,,,8.0,,,,,0.0,0.67,2.0,0.0,,0.0,,1.0,,,1.0,no
17.0,6.0,1.0,5.0,50.0,216.1,,,29.47,1584.71,0.07,,13.0,,2.0,0.0,8.0,12.0,28.0,,11.0,no
4.0,1.0,1.0,,4.0,8.0,0.67,,5.33,12.0,0.0,0.67,2.0,0.0,,0.0,,,,1.0,1.0,no
4.0,1.0,,1.0,,,0.67,1.5,,,0.0,0.67,2.0,0.0,0.0,0.0,3.0,1.0,,,1.0,no
4.0,,1.0,1.0,,8.0,0.67,1.5,5.33,,,0.67,2.0,0.0,,0.0,,1.0,,1.0,1.0,no
6.0,,,,,11.61,,,,,0.0,0.97,3.0,0.0,1.0,,3.0,,,2.0,1.0,no
15.0,,,,44.0,,,4.36,41.22,784.79,0.06,,13.0,0.0,,,,,,,,no
,1.0,1.0,1.0,4.0,,,1.5,5.33,,,0.67,2.0,,,,3.0,,3.0,1.0,1.0,no
4.0,,,1.0,,8.0,0.67,1.5,5.33,,0.0,0.67,2.0,0.0,0.0,,3.0,,3.0,1.0,1.0,no
4.0,1.0,,1.0,,,0.67,1.5,7.74,17.41,0.0,0.97,2.0,,,0.0,3.0,,3.0,2.0,1.0,no
4.0,,1.0,1.0,6.0,15.51,0.4,2.5,6.2,,0.01,2.15,,0.0,0.0,0.0,5.0,1.0,,1.0,1.0,no
188.0,,4.0,5.0,,,,,180.68,,1.15,3663.49,136.0,,,0.0,,91.0,326.0,,15.0,no
4.0,1.0,1.0,1.0,5.0,11.61,0.67,,7.74,17.41,,,,,,0.0,,2.0,,2.0,1.0,no
,1.0,1.0,1.0,,30.0,,3.33,9.0,,,5.56,4.0,0.0,,0.0,5.0,,,,,no
4.0,,1.0,1.0,5.0,11.61,0.67,1.5,7.74,17.41,0.0,,,0.0,,0.0,3.0,,3.0,,1.0,no
4.0,1.0,,,5.0,,0.67,,7.74,,,0.97,,0.0,0.0,,,,3.0,2.0,1.0,no
8.0,1.0,,,10.0,30.0,,,9.0,100.0,,5.56,4.0,0.0,1.0,0.0,,,6.0,4.0,,no
8.0,1.0,,1.0,10.0,,0.3,3.33,,100.0,0.01,5.56,,0.0,,0.0,5.0,3.0,,,,no
,,1.0,2.0,,137.61,0.17,6.0,22.93,,,45.87,,,,0.0,9.0,9.0,21.0,,3.0,no
7.0,1.0,,1.0,,30.0,,3.33,,100.0,0.01,5.56,4.0,0.0,,0.0,5.0,,,4.0,1.0,no
8.0,1.0,1.0,,10.0,30.0,,3.33,9.0,,0.01,,4.0,0.0,1.0,0.0,5.0,,6.0,4.0,1.0,no
,1.0,1.0,1.0,,30.0,0.3,,9.0,,0.01,5.56,4.0,0.0,1.0,0.0,,,6.0,4.0,1.0,no
9.0,,,,10.0,,0.3,,9.0,100.0,0.01,5.56,4.0,,,0.0,5.0,3.0,6.0,4.0,,no
8.0,,1.0,,10.0,,,3.33,9.0,,,,,0.0,1.0,0.0,5.0,3.0,6.0,,1.0,no
5.0,1.0,,1.0,5.0,11.61,,1.5,7.74,17.41,0.0,0.97,2.0,,1.0,0.0,3.0,,,2.0,1.0,no
4.0,,,,5.0,,0.67,,7.74,17.41,0.0,0.97,2.0,,,,,2.0,,,,no
8.0,1.0,1.0,1.0,,30.0,0.3,3.33,9.0,100.0,,5.56,4.0,,1.0,0.0,5.0,,,4.0,1.0,no
,,,,10.0,30.0,,,,,0.01,,4.0,,1.0,0.0,,3.0,6.0,4.0,1.0,no
4.0,1.0,1.0,1.0,,,,1.5,7.74,17.41,,0.97,,0.0,,,,2.0,3.0,2.0,,no
82.0,,4.0,5.0,181.0,,,21.4,46.73,21391.52,0.33,1188.42,,,19.0,,17.0,29.0,108.0,73.0,19.0,no
38.0,,1.0,,69.0,353.92,0.2,5.02,,,0.12,,,0.0,2.0,0.0,9.0,26.0,40.0,,3.0,no
,4.0,1.0,3.0,,,,,,13089.7,0.25,727.21,43.0,,,,17.0,,80.0,56.0,,no
31.0,,1.0,,76.0,,,12.27,,,0.12,237.52,,,,0.0,,19.0,43.0,,9.0,no
7.0,1.0,1.0,,9.0,25.27,,,,94.75,0.01,5.26,4.0,0.0,1.0,,,,6.0,3.0,,no
,,1.0,,1.0,0.0,,0.0,,0.0,0.0,0.0,0.0,,0.0,,1.0,,1.0,0.0,1.0,no
5.0,,,1.0,4.0,,,0.75,,4.75,,,3.0,0.0,0.0,0.0,,,1.0,3.0,1.0,no
4.0,1.0,1.0,,,8.0,0.67,,5.33,12.0,,0.67,,0.0,0.0,0.0,3.0,1.0,3.0,1.0,,no
4.0,1.0,1.0,1.0,,8.0,0.67,1.5,,,,0.67,2.0,0.0,0.0,0.0,,1.0,3.0,1.0,,no
4.0,1.0,,,4.0,8.0,,1.5,5.33,12.0,,0.67,,0.0,0.0,0.0,3.0,,3.0,1.0,,no
28.0,4.0,1.0,4.0,59.0,241.16,0.07,13.57,17.77,3272.89,0.08,181.83,,,3.0,,,,40.0,,7.0,no
4.0,1.0,,1.0,5.0,11.61,0.67,,7.74,17.41,,,,,,0.0,,2.0,,2.0,1.0,no
4.0,,1.0,1.0,6.0,,0.4,2.5,,,,2.15,,,0.0,,5.0,1.0,5.0,1.0,1.0,no
26.0,4.0,,4.0,51.0,,,,,2241.58,0.07,124.53,19.0,0.0,5.0,0.0,9.0,6.0,36.0,15.0,7.0,no
3.0,1.0,1.0,1.0,,0.0,0.0,0.0,0.0,0.0,0.0,0.0,,0.0,0.0,,1.0,0.0,,0.0,1.0,no
,,,,,,0.17,,10.16,,,20.31,,,1.0,0.0,8.0,,11.0,,,no
,1.0,1.0,,,11.61,,1.5,7.74,17.41,0.0,0.97,2.0,,0.0,,,2.0,,2.0,1.0,no
5.0,,1.0,1.0,5.0,11.61,0.0,0.0,,,0.0,,2.0,,,,5.0,,,0.0,1.0,no
,4.0,,,102.0,523.19,0.07,,36.71,7455.41,,,41.0,3.0,,0.0,15.0,20.0,64.0,38.0,7.0,no
56.0,,,4.0,,513.83,0.07,14.61,35.18,,,416.93,,3.0,3.0,0.0,15.0,19.0,64.0,37.0,,no
21.0,,1.0,,,,0.12,8.57,17.84,1310.79,,72.82,,0.0,,0.0,12.0,7.0,,10.0,,no
21.0,2.0,1.0,,33.0,,0.14,7.14,,963.47,0.04,53.53,,1.0,2.0,0.0,10.0,,,10.0,3.0,no
34.0,3.0,1.0,3.0,53.0,,0.07,13.64,,,,,19.0,7.0,,,15.0,,33.0,20.0,,no
,,4.0,4.0,59.0,,,,,,,203.41,,3.0,5.0,,,23.0,69.0,,,no
30.0,,,,,,,17.04,,10629.63,,,,3.0,7.0,0.0,14.0,,,21.0,,no
43.0,4.0,,,89.0,,0.06,18.0,,,0.15,456.51,,,,0.0,18.0,17.0,,,,no
,3.0,1.0,3.0,134.0,,0.06,16.11,,11641.41,0.24,,32.0,,,,,27.0,,,5.0,no
4.0,1.0,,1.0,,11.09,0.67,,,16.64,0.0,,,0.0,,,,4.0,2.0,8.0,1.0,no
,,1.0,1.0,,16.0,0.86,1.17,13.71,18.67,0.01,1.04,2.0,,0.0,,1.0,3.0,1.0,7.0,1.0,no
3.0,1.0,,1.0,,25.85,0.5,2.0,12.92,,,2.87,2.0,0.0,0.0,,1.0,2.0,,6.0,,no
45.0,3.0,1.0,,84.0,416.15,0.06,17.07,24.38,,0.14,,,10.0,5.0,,,15.0,52.0,32.0,,no
45.0,4.0,1.0,4.0,88.0,423.05,,13.43,31.49,5682.93,0.14,,30.0,7.0,4.0,,13.0,15.0,57.0,,7.0,no
4.0,1.0,1.0,1.0,4.0,,0.67,1.5,5.33,12.0,0.0,,,,0.0,0.0,,1.0,3.0,1.0,1.0,no
4.0,,,,,,0.67,,,,0.0,,2.0,,,0.0,3.0,,3.0,,1.0,no
,1.0,,1.0,,,0.0,,,,0.01,,,,0.0,,6.0,0.0,,,,no
,1.0,,,,8.0,0.67,1.5,,,0.0,0.67,,,0.0,,3.0,,,1.0,1.0,no
,,1.0,1.0,,,0.67,1.5,,12.0,,,,,,0.0,3.0,1.0,3.0,,,no
4.0,1.0,1.0,1.0,4.0,8.0,,,5.33,,0.0,,2.0,0.0,,,,1.0,3.0,,,no
5.0,1.0,1.0,,8.0,24.0,0.33,3.0,,72.0,,,,0.0,0.0,0.0,6.0,,,2.0,1.0,no
11.0,2.0,1.0,2.0,27.0,,0.15,,15.42,,0.03,,9.0,,,0.0,,,17.0,,,no
47.0,2.0,1.0,2.0,385.0,,,34.5,,,0.79,,119.0,6.0,18.0,0.0,11.0,25.0,,,31.0,no
28.0,,1.0,2.0,69.0,,0.1,10.27,31.59,3329.79,0.11,184.99,,,,,11.0,,41.0,28.0,3.0,no
,,1.0,1.0,13.0,,0.67,,27.47,,0.01,,4.0,,,0.0,,6.0,,,1.0,no
,1.0,,1.0,1.0,0.0,0.0,,,0.0,,,1.0,0.0,0.0,,1.0,,,0.0,,no
,,,8.0,245.0,1375.6,,,70.18,26961.84,,1497.88,72.0,1.0,,0.0,14.0,35.0,147.0,98.0,,no
,2.0,,,,78.14,,6.0,,468.83,0.03,,,,,0.0,9.0,,12.0,8.0,3.0,no
,2.0,1.0,,18.0,,0.14,7.0,9.22,451.71,,25.09,,,0.0,0.0,8.0,4.0,,,,no
,1.0,,1.0,11.0,36.54,0.4,2.5,,,,,3.0,0.0,0.0,1.0,5.0,,,5.0,1.0,no
31.0,3.0,,3.0,,348.29,0.09,11.0,31.66,3831.18,,,23.0,1.0,4.0,,,14.0,47.0,28.0,5.0,no
,3.0,1.0,,49.0,211.77,,,,1800.08,,100.0,12.0,,,,,10.0,32.0,,5.0,no
21.0,,,,68.0,311.78,0.09,10.58,29.48,3297.65,0.1,183.2,18.0,0.0,1.0,0.0,,13.0,,25.0,9.0,no
8.0,,,1.0,13.0,43.19,0.5,,21.59,86.37,,,2.0,,0.0,,9.0,9.0,20.0,13.0,1.0,no
,,1.0,,,137.61,0.15,,21.17,894.45,0.05,,,,0.0,,4.0,6.0,7.0,,1.0,no
15.0,,1.0,,49.0,,0.12,,24.91,,0.07,100.0,10.0,0.0,,0.0,10.0,10.0,32.0,17.0,5.0,no
,,,2.0,,,,8.5,,,,100.0,,0.0,1.0,1.0,,10.0,,,5.0,no
,,,,45.0,,0.17,,32.77,,,61.95,15.0,,0.0,,10.0,,41.0,28.0,7.0,no
17.0,4.0,,,69.0,,,9.33,34.33,2990.64,,166.15,18.0,1.0,0.0,0.0,7.0,,25.0,20.0,7.0,no
6.0,1.0,,,,49.83,0.43,2.33,,116.27,0.02,,4.0,,,0.0,4.0,6.0,,7.0,1.0,no
,1.0,1.0,1.0,,,,2.33,,116.27,0.02,6.46,,,0.0,0.0,,6.0,8.0,7.0,1.0,no
6.0,1.0,,,15.0,49.83,,2.33,,116.27,,6.46,4.0,0.0,0.0,,4.0,,8.0,,1.0,no
,1.0,,1.0,15.0,49.83,0.43,2.33,21.36,116.27,,6.46,4.0,0.0,,0.0,,,8.0,7.0,1.0,no
,1.0,,,15.0,,,,21.36,,,6.46,4.0,0.0,0.0,0.0,,6.0,8.0,,1.0,no
6.0,1.0,,1.0,,49.83,0.43,2.33,,116.27,0.02,6.46,4.0,0.0,0.0,,,6.0,8.0,7.0,1.0,no
6.0,1.0,,1.0,,49.83,0.43,2.33,21.36,116.27,0.02,,4.0,0.0,0.0,0.0,4.0,6.0,8.0,7.0,1.0,no
,1.0,,,,49.83,0.43,2.33,,,,6.46,,0.0,,,,6.0,8.0,7.0,1.0,no
,,7.0,,105.0,534.18,,,24.99,11418.17,0.18,,31.0,,5.0,,18.0,16.0,,38.0,,no
,,3.0,6.0,141.0,791.67,,22.41,35.33,,0.26,985.52,49.0,1.0,4.0,0.0,,,,55.0,13.0,no
60.0,7.0,,,,,0.04,23.83,,,0.33,,54.0,1.0,,,,30.0,108.0,65.0,,no
55.0,12.0,9.0,,187.0,1001.86,0.07,,73.85,,,,45.0,,,0.0,,30.0,113.0,74.0,23.0,no
,,1.0,,,,0.67,,5.33,,0.0,0.67,2.0,0.0,0.0,0.0,3.0,1.0,,1.0,,no
,6.0,4.0,,84.0,412.18,0.05,,22.54,,,418.72,,2.0,,,16.0,14.0,52.0,32.0,11.0,no
,13.0,,5.0,163.0,,,17.5,,,,854.53,36.0,10.0,8.0,2.0,14.0,28.0,,,25.0,no
,3.0,3.0,,35.0,,,,13.27,,0.05,,14.0,1.0,2.0,,,7.0,,,5.0,no
8.0,2.0,1.0,2.0,,77.71,0.29,,22.67,,,,6.0,,0.0,0.0,,7.0,13.0,8.0,,no
18.0,2.0,1.0,2.0,42.0,,,7.5,,,,78.04,,1.0,,0.0,10.0,12.0,,,3.0,no
26.0,,,2.0,,,0.09,,19.77,,,,,,0.0,,11.0,,,,,no
29.0,2.0,1.0,,,,,7.76,71.53,,0.18,239.21,24.0,,2.0,,10.0,29.0,,,3.0,no
,,,2.0,,238.04,0.12,8.53,,2030.79,0.08,,13.0,,,,,,28.0,21.0,7.0,no
6.0,,1.0,,14.0,,,2.5,,,0.02,,3.0,0.0,0.0,,5.0,6.0,8.0,,,no
29.0,3.0,1.0,,72.0,,,10.8,28.32,,,,23.0,,2.0,0.0,,10.0,48.0,24.0,5.0,no
4.0,1.0,,,,,,1.5,5.33,12.0,0.0,0.67,,,0.0,,3.0,1.0,,,,no
,,1.0,1.0,4.0,,0.67,1.5,,12.0,,0.67,2.0,,,,3.0,1.0,3.0,1.0,,no
,1.0,,,,8.0,,1.5,5.33,12.0,,0.67,0.0,0.0,,0.0,,1.0,3.0,,1.0,no
,,,1.0,4.0,8.0,,,,,0.0,0.67,2.0,0.0,0.0,,3.0,1.0,,,1.0,no
,,1.0,1.0,9.0,25.27,0.0,,0.0,0.0,0.01,0.0,2.0,0.0,0.0,0.0,7.0,0.0,,0.0,1.0,no
2.0,,1.0,,4.0,8.0,0.67,1.5,,12.0,,0.67,0.0,0.0,,0.0,,1.0,,1.0,,no
4.0,1.0,,1.0,,,0.67,,5.33,,,0.67,2.0,0.0,0.0,,3.0,1.0,,1.0,1.0,no
4.0,1.0,,1.0,4.0,8.0,0.67,,,12.0,0.0,,2.0,0.0,,0.0,,,,1.0,1.0,no
4.0,1.0,1.0,1.0,4.0,8.0,0.67,1.5,,12.0,0.0,0.67,,,0.0,0.0,3.0,1.0,,,1.0,no
,1.0,1.0,1.0,4.0,8.0,0.67,1.5,5.33,,,0.67,2.0,0.0,0.0,0.0,,1.0,3.0,1.0,1.0,no
4.0,,,1.0,4.0,8.0,,1.5,5.33,,0.0,0.67,,0.0,0.0,,3.0,1.0,3.0,,1.0,no
4.0,1.0,,,4.0,8.0,0.67,,5.33,12.0,0.0,0.67,2.0,,0.0,,3.0,1.0,3.0,1.0,1.0,no
,1.0,1.0,,4.0,,0.67,1.5,,,,,,,0.0,0.0,,1.0,3.0,1.0,1.0,no
,,1.0,1.0,4.0,8.0,,,5.33,,0.0,,,0.0,0.0,,,,,,,no
6.0,3.0,,,24.0,88.81,,,18.84,,0.03,23.26,,0.0,0.0,,6.0,7.0,13.0,11.0,5.0,no
4.0,1.0,1.0,,,8.0,,1.5,5.33,,0.0,0.67,2.0,0.0,,0.0,,1.0,3.0,,1.0,no
,1.0,1.0,1.0,4.0,8.0,0.67,,5.33,12.0,,0.67,,0.0,,0.0,3.0,1.0,3.0,,1.0,no
4.0,1.0,,1.0,4.0,8.0,,,5.33,12.0,0.0,,2.0,0.0,0.0,0.0,3.0,,3.0,,1.0,no
4.0,1.0,,1.0,4.0,8.0,0.67,1.5,5.33,,0.0,0.67,2.0,,,0.0,,,3.0,,,no
,1.0,1.0,1.0,4.0,8.0,0.67,,5.33,12.0,0.0,0.67,2.0,0.0,,,,1.0,3.0,,1.0,no
,,1.0,,4.0,8.0,0.67,,,12.0,0.0,,2.0,0.0,0.0,0.0,,1.0,,1.0,1.0,no
,,1.0,1.0,5.0,11.61,0.5,2.0,5.8,23.22,,,2.0,,0.0,0.0,,1.0,,1.0,,no
4.0,1.0,1.0,,4.0,8.0,0.67,,5.33,,0.0,0.67,,,0.0,0.0,,,3.0,,1.0,no
4.0,,1.0,1.0,4.0,8.0,,1.5,5.33,12.0,0.0,0.67,,,,0.0,3.0,1.0,,1.0,1.0,no
,,,1.0,4.0,8.0,0.67,1.5,5.33,12.0,,0.67,,,,,3.0,,3.0,,,no
6.0,,,1.0,,,,4.71,,,0.03,,4.0,0.0,,,6.0,,13.0,11.0,5.0,no
,,1.0,1.0,9.0,,0.0,0.0,0.0,0.0,0.01,0.0,2.0,,,0.0,7.0,0.0,,0.0,,no
,1.0,,,4.0,8.0,,,,12.0,0.0,0.67,2.0,0.0,0.0,,,1.0,3.0,,,no
4.0,1.0,1.0,1.0,4.0,8.0,0.67,1.5,,,,0.67,2.0,0.0,0.0,0.0,3.0,1.0,3.0,1.0,1.0,no
6.0,1.0,,1.0,5.0,,0.67,1.5,7.74,17.41,0.0,,3.0,,,,,2.0,,,,no
4.0,1.0,,,,,,1.5,5.33,12.0,,,2.0,0.0,0.0,0.0,,1.0,3.0,1.0,,no
,1.0,1.0,1.0,4.0,,,1.5,5.33,12.0,,0.67,2.0,0.0,,0.0,,1.0,,1.0,1.0,no
,,1.0,2.0,54.0,216.0,,,34.29,,0.07,75.6,14.0,,1.0,,6.0,,,21.0,,no
6.0,1.0,,1.0,5.0,11.61,,,7.74,,0.0,0.97,3.0,0.0,1.0,0.0,,2.0,3.0,,1.0,no
36.0,8.0,8.0,5.0,113.0,,0.04,,,,0.19,736.57,26.0,1.0,6.0,1.0,18.0,16.0,,,15.0,no
4.0,1.0,1.0,1.0,,19.65,0.4,2.5,,49.13,0.01,,,0.0,0.0,0.0,,2.0,5.0,,,no
,,1.0,1.0,8.0,24.0,0.29,,6.86,,,,0.0,0.0,0.0,,,1.0,7.0,1.0,1.0,no
4.0,1.0,1.0,,,8.0,,1.5,,,0.0,,2.0,0.0,0.0,0.0,3.0,1.0,3.0,,,no
4.0,,1.0,1.0,,,0.5,2.0,5.8,23.22,0.0,1.29,,,0.0,0.0,4.0,1.0,,1.0,1.0,no
,3.0,1.0,3.0,83.0,370.13,,,25.53,,0.12,,,0.0,4.0,,,11.0,54.0,,5.0,no
4.0,,,,,24.0,0.33,3.0,8.0,72.0,,,2.0,,,0.0,,2.0,,,,no
44.0,,,,137.0,,0.07,,49.56,,,,29.0,4.0,,,,,77.0,60.0,17.0,no
4.0,1.0,,1.0,,8.0,0.67,1.5,,,,,2.0,,,,3.0,,,,,no
4.0,1.0,1.0,,5.0,,0.67,,7.74,,,0.97,2.0,0.0,,,,2.0,3.0,2.0,,no
4.0,1.0,,,,11.61,0.67,,,,,,,0.0,,0.0,3.0,2.0,3.0,2.0,1.0,no
2.0,1.0,1.0,1.0,,,0.67,1.5,7.74,,,0.97,0.0,,0.0,0.0,3.0,,,,,no
4.0,,1.0,1.0,5.0,11.61,0.67,,7.74,,0.0,,2.0,,,0.0,3.0,2.0,3.0,2.0,1.0,no
,1.0,1.0,,5.0,11.61,,1.5,7.74,17.41,,0.97,2.0,0.0,0.0,0.0,3.0,,,,1.0,no
,1.0,,1.0,5.0,,0.67,1.5,7.74,17.41,0.0,0.97,,,0.0,0.0,3.0,2.0,3.0,2.0,,no
5.0,,,,5.0,11.61,0.67,1.5,7.74,,0.0,,,0.0,,0.0,3.0,,3.0,2.0,1.0,no
,1.0,1.0,,8.0,,0.5,2.0,11.23,44.92,0.01,2.5,,0.0,1.0,0.0,,3.0,,,,no
,4.0,1.0,,,128.93,,5.33,24.17,687.61,,38.2,,0.0,0.0,,6.0,9.0,17.0,16.0,7.0,no
,,18.0,,,2622.66,,30.73,85.35,,0.87,,,0.0,8.0,0.0,16.0,44.0,275.0,169.0,39.0,no
,1.0,1.0,1.0,5.0,,0.67,1.5,,,0.0,,,0.0,,0.0,,2.0,,,1.0,no
,1.0,,1.0,5.0,11.61,0.67,,,,,0.97,,,0.0,0.0,,,3.0,2.0,,no
10.0,1.0,1.0,1.0,,38.04,,4.0,,152.16,0.01,,5.0,,3.0,,6.0,3.0,8.0,4.0,,no
4.0,1.0,,1.0,,,0.67,,7.74,17.41,,0.97,2.0,0.0,,0.0,,2.0,3.0,2.0,1.0,no
21.0,,1.0,2.0,62.0,,,8.46,33.15,2373.13,0.09,131.84,16.0,,3.0,,10.0,13.0,,22.0,3.0,no
,,1.0,1.0,5.0,,0.67,,7.74,17.41,0.0,,2.0,,,,,,,,,no
,1.0,1.0,1.0,,,0.67,1.5,,17.41,0.0,0.97,,0.0,,0.0,3.0,,3.0,2.0,1.0,no
7.0,,1.0,1.0,,,,,24.17,687.61,,,5.0,0.0,,,,9.0,,,,no
,2.0,1.0,2.0,32.0,130.8,,6.19,21.14,809.32,0.04,,,0.0,1.0,,,,,,,no
,1.0,,1.0,5.0,11.61,,1.5,7.74,,0.0,0.97,,0.0,0.0,0.0,,,,,1.0,no
5.0,1.0,1.0,,,11.61,0.5,2.0,5.8,,0.0,1.29,,,0.0,0.0,,1.0,,1.0,1.0,no
33.0,,3.0,4.0,84.0,,0.11,,,3615.96,0.14,200.89,,3.0,,,11.0,18.0,55.0,29.0,,no
,,,,5.0,11.61,,2.0,5.8,23.22,,,,0.0,,0.0,,1.0,,1.0,1.0,no
94.0,12.0,,7.0,,1494.32,,23.32,64.08,34844.83,0.5,,,9.0,12.0,2.0,19.0,44.0,142.0,108.0,23.0,no
5.0,1.0,1.0,1.0,,11.61,,2.0,5.8,23.22,0.0,,,1.0,0.0,0.0,4.0,1.0,4.0,1.0,,no
,,1.0,1.0,8.0,22.46,0.5,2.0,11.23,44.92,,,,0.0,,0.0,4.0,3.0,,,,no
12.0,2.0,1.0,,15.0,,,,,,0.02,,6.0,3.0,,0.0,6.0,6.0,,6.0,3.0,no
,,,,,,0.17,6.0,,,,15.0,8.0,,0.0,,6.0,,,4.0,,no
5.0,1.0,1.0,1.0,,,0.33,3.0,8.0,72.0,,,2.0,0.0,,,6.0,2.0,6.0,2.0,,no
5.0,1.0,1.0,1.0,,11.61,0.0,0.0,,0.0,0.0,0.0,,0.0,0.0,0.0,,,5.0,,1.0,no
51.0,,1.0,5.0,125.0,635.93,0.05,20.44,31.11,13001.29,,722.29,35.0,2.0,11.0,,16.0,,79.0,46.0,11.0,no
,,,,,,,5.33,21.46,,,33.91,,,,,8.0,9.0,16.0,12.0,3.0,no
,,4.0,,,,,15.27,,21633.88,,1201.88,67.0,,11.0,,,43.0,143.0,,15.0,no
47.0,7.0,,6.0,165.0,,,24.7,,,0.31,,,,6.0,1.0,,,,,,no
,6.0,6.0,6.0,124.0,668.65,0.05,,,,,817.24,35.0,1.0,5.0,0.0,,21.0,80.0,44.0,11.0,no
,,1.0,,93.0,473.13,0.06,,,8516.41,,,33.0,2.0,3.0,1.0,18.0,,,32.0,13.0,no
21.0,3.0,3.0,2.0,42.0,,0.07,,12.49,2809.44,,156.08,16.0,0.0,,,15.0,7.0,28.0,14.0,5.0,no
,2.0,,,46.0,,0.2,,,,0.07,,10.0,,2.0,0.0,6.0,9.0,,9.0,3.0,no
4.0,1.0,1.0,1.0,9.0,,,0.0,0.0,,0.01,0.0,,,0.0,0.0,7.0,,9.0,0.0,,no
2.0,,,,4.0,8.0,,,5.33,12.0,,0.67,,0.0,0.0,0.0,,,3.0,1.0,,no
,1.0,1.0,1.0,6.0,15.51,0.5,,7.75,,,1.72,2.0,0.0,,0.0,4.0,2.0,4.0,,,no
4.0,,1.0,1.0,4.0,,0.67,,5.33,,0.0,0.67,2.0,0.0,0.0,0.0,,1.0,,,1.0,no
,1.0,1.0,1.0,4.0,,0.67,1.5,,,0.0,0.67,2.0,,,,3.0,,3.0,1.0,,no
,1.0,,1.0,,8.0,0.67,,5.33,,0.0,,2.0,,0.0,0.0,,1.0,,1.0,1.0,no
,,,1.0,33.0,,0.14,7.0,16.9,,,46.01,,,1.0,0.0,7.0,,23.0,10.0,,no
20.0,2.0,,2.0,,244.27,0.12,8.08,30.24,,0.08,,15.0,,,0.0,,,33.0,21.0,3.0,no
241.0,,4.0,,619.0,4008.48,,54.62,,,1.34,,,,34.0,0.0,28.0,61.0,381.0,,39.0,no
2.0,1.0,,1.0,,,0.67,,,17.41,0.0,,0.0,0.0,,,3.0,,,2.0,,no
66.0,13.0,3.0,7.0,,868.16,0.04,23.96,36.24,,,1155.45,,4.0,7.0,,19.0,,103.0,58.0,25.0,no
,1.0,,,7.0,19.65,,,9.83,39.3,0.01,2.18,2.0,,0.0,,,3.0,4.0,,,no
4.0,1.0,1.0,,5.0,,,,7.74,17.41,0.0,0.97,,0.0,0.0,0.0,3.0,2.0,,2.0,1.0,no
10.0,,1.0,1.0,24.0,,0.2,,19.2,480.0,0.03,26.67,,,2.0,,,8.0,14.0,,,no
11.0,,1.0,1.0,13.0,36.5,,,14.6,91.24,0.01,5.07,,,2.0,0.0,5.0,,11.0,2.0,,no
,2.0,1.0,,,64.53,0.17,,,387.18,,21.51,8.0,,,0.0,,,,,3.0,no
144.0,,7.0,11.0,322.0,,0.03,34.01,57.63,66668.34,0.65,3703.8,,,7.0,,25.0,43.0,,,27.0,no
11.0,2.0,1.0,,19.0,68.11,,,9.73,,,26.49,8.0,0.0,1.0,,8.0,,12.0,,3.0,no
,,,3.0,50.0,219.62,0.14,7.13,30.82,1564.76,,,16.0,,,0.0,,12.0,,19.0,,no
11.0,2.0,,2.0,17.0,,0.17,6.0,,365.67,0.02,20.31,8.0,0.0,,0.0,8.0,4.0,11.0,6.0,3.0,no
10.0,2.0,1.0,1.0,17.0,58.81,0.16,,9.6,360.21,,20.01,8.0,0.0,,0.0,,4.0,10.0,7.0,3.0,no
30.0,2.0,1.0,2.0,,,0.1,9.82,29.79,2873.39,0.1,159.63,19.0,1.0,8.0,0.0,,,38.0,25.0,3.0,no
,,3.0,4.0,93.0,437.14,0.09,11.56,,5054.44,0.15,280.8,30.0,1.0,,1.0,10.0,,,,,no
,,,6.0,223.0,1161.71,0.04,26.78,43.38,31113.57,,,,1.0,12.0,,,23.0,,88.0,,no
,1.0,1.0,1.0,5.0,11.61,0.5,,5.8,23.22,0.0,1.29,2.0,,,,,,4.0,,,no
,12.0,7.0,,261.0,,0.05,21.41,68.08,31211.4,,,81.0,5.0,,1.0,,,157.0,104.0,23.0,no
,,,1.0,1.0,,,0.0,0.0,0.0,0.0,0.0,,0.0,0.0,0.0,,0.0,1.0,,1.0,no
,,1.0,,,,0.18,5.6,,393.73,0.02,21.87,,0.0,,0.0,8.0,5.0,12.0,7.0,3.0,no
,,1.0,,19.0,,0.14,,9.73,,,,,,1.0,0.0,8.0,4.0,,,3.0,no
,1.0,1.0,,2.0,2.0,2.0,0.5,4.0,1.0,,0.06,2.0,,0.0,0.0,1.0,,,1.0,1.0,no
,1.0,,1.0,4.0,,0.67,,,12.0,0.0,,2.0,,2.0,0.0,,,3.0,1.0,1.0,no
,2.0,,2.0,,167.59,0.13,7.88,,,0.06,,12.0,0.0,2.0,,9.0,8.0,27.0,,,no
20.0,,,,18.0,66.61,,5.6,11.89,373.0,0.02,,5.0,0.0,,,,,23.0,,5.0,no
7.0,3.0,,1.0,,,0.1,10.31,15.65,,0.05,,14.0,0.0,1.0,0.0,8.0,5.0,11.0,,,no
100.0,,1.0,8.0,,1411.75,0.05,,64.12,31075.65,0.47,1726.42,73.0,5.0,,0.0,19.0,,144.0,95.0,17.0,no
28.0,,1.0,2.0,,,0.12,8.33,33.44,,,129.0,21.0,0.0,5.0,,10.0,,35.0,,3.0,no
10.0,,1.0,,,,0.14,7.0,9.22,451.71,0.02,25.09,8.0,,,0.0,8.0,4.0,11.0,,3.0,no
30.0,5.0,3.0,4.0,86.0,421.99,,,,,0.14,296.96,,3.0,5.0,0.0,12.0,18.0,48.0,38.0,,no
20.0,4.0,3.0,3.0,,,0.07,,11.89,2675.66,0.06,148.65,16.0,0.0,,0.0,,7.0,,14.0,,no
23.0,3.0,1.0,3.0,51.0,,0.1,10.0,23.97,2397.22,0.08,133.18,,,3.0,0.0,,13.0,31.0,20.0,,no
,2.0,,2.0,20.0,76.15,0.12,8.1,9.4,616.79,,,7.0,,,0.0,9.0,5.0,,9.0,3.0,no
20.0,3.0,,2.0,,208.08,0.13,7.79,26.71,1621.32,,,15.0,0.0,,,,12.0,29.0,17.0,5.0,no
28.0,2.0,1.0,,59.0,263.11,0.1,,,,0.09,,18.0,,,0.0,10.0,,,24.0,,no
28.0,,1.0,2.0,59.0,263.11,,,,2631.06,0.09,,,,6.0,0.0,10.0,12.0,35.0,24.0,3.0,no
3.0,1.0,,,,0.0,,,,0.0,0.0,,,,,0.0,,,1.0,0.0,1.0,no
78.0,,,5.0,,,0.05,,43.43,17028.0,,,,,17.0,1.0,12.0,20.0,106.0,,,no
,,1.0,2.0,,88.0,0.17,,15.21,,0.03,,,0.0,,0.0,9.0,7.0,,9.0,3.0,no
10.0,2.0,,,,,0.14,7.0,9.22,,,25.09,,,,,8.0,,,,,no
8.0,1.0,1.0,1.0,,,,2.0,15.85,63.4,0.01,3.52,3.0,0.0,,1.0,,,5.0,,1.0,no
29.0,3.0,1.0,3.0,72.0,334.36,0.09,10.61,,3546.58,0.11,197.03,22.0,1.0,,0.0,,,,27.0,,no
,,,1.0,1.0,0.0,0.0,,0.0,0.0,0.0,,,0.0,0.0,,1.0,0.0,,,,no
21.0,2.0,1.0,,,141.78,0.15,,20.62,,0.05,54.15,,,1.0,0.0,,8.0,,11.0,3.0,no
,2.0,,2.0,,64.53,,6.0,,387.18,,21.51,8.0,1.0,,,8.0,4.0,12.0,6.0,3.0,no
43.0,,1.0,,,,,,32.54,8113.16,0.17,,,3.0,7.0,,15.0,19.0,61.0,40.0,,no
12.0,,1.0,,15.0,,,4.38,11.86,,,,7.0,1.0,2.0,0.0,7.0,,10.0,5.0,3.0,no
18.0,5.0,1.0,2.0,,233.38,0.07,13.44,,,,174.32,12.0,,,,,,32.0,22.0,,no
4.0,,1.0,,,,0.0,,,,0.0,,,0.0,0.0,0.0,1.0,,1.0,,,no
3.0,,1.0,1.0,1.0,,,0.0,0.0,0.0,0.0,,1.0,0.0,0.0,0.0,1.0,,1.0,0.0,,no
,,1.0,,,15.51,0.4,2.5,6.2,38.77,,2.15,3.0,0.0,,,5.0,1.0,5.0,1.0,1.0,no
,,,,83.0,390.14,0.08,,30.4,5006.75,0.13,,18.0,3.0,,,11.0,15.0,,35.0,,no
,,1.0,3.0,,346.13,0.06,16.67,20.77,5768.83,0.12,320.49,,,,,,,,,,no
,1.0,1.0,1.0,,,0.4,2.5,6.2,38.77,0.01,,,,1.0,0.0,5.0,1.0,5.0,,1.0,no
52.0,4.0,,3.0,,515.74,,,,,0.17,488.59,37.0,5.0,,0.0,18.0,,63.0,,,no
48.0,3.0,,,84.0,,,,22.87,7282.49,0.14,404.58,34.0,,,0.0,,13.0,55.0,29.0,,no
47.0,3.0,1.0,3.0,,388.64,,17.23,,,,,33.0,5.0,,0.0,16.0,13.0,52.0,28.0,5.0,no
30.0,,1.0,4.0,,,0.13,,35.41,2195.76,0.09,121.99,23.0,0.0,5.0,0.0,12.0,16.0,37.0,21.0,,no
91.0,,,7.0,221.0,1247.29,0.04,,,33636.65,,,74.0,,,0.0,19.0,31.0,133.0,,,no
,,,4.0,175.0,,,20.0,47.77,,,1061.56,,,9.0,1.0,16.0,28.0,105.0,70.0,,no
28.0,,,2.0,78.0,386.43,,11.56,,4465.38,0.13,,18.0,,6.0,0.0,13.0,18.0,,32.0,9.0,no
4.0,1.0,,1.0,,,,1.5,5.33,12.0,,,2.0,0.0,0.0,0.0,3.0,,3.0,1.0,,no
108.0,,,8.0,289.0,1655.37,0.04,,71.69,38225.96,,,85.0,,,,15.0,38.0,172.0,,21.0,no
,2.0,,,13.0,44.97,0.4,2.5,17.99,,,6.25,2.0,,,,,,,6.0,3.0,no
5.0,,,,,11.61,,1.5,,17.41,0.0,0.97,2.0,0.0,0.0,1.0,3.0,2.0,3.0,,1.0,no
,,7.0,14.0,466.0,2937.56,0.03,,,,0.98,6501.69,,,32.0,2.0,,,272.0,,57.0,no
,,,,,1585.26,,21.86,,34659.6,0.53,,82.0,2.0,13.0,,13.0,33.0,176.0,111.0,,no
64.0,,,5.0,,1005.84,,15.64,64.3,15734.28,0.34,874.13,50.0,0.0,7.0,,12.0,28.0,116.0,,,no
,13.0,,13.0,,504.44,,10.73,47.03,,0.17,300.56,40.0,0.0,,,13.0,20.0,67.0,,25.0,no
,5.0,,4.0,146.0,,,,,15624.69,0.27,868.04,51.0,,,0.0,17.0,30.0,78.0,68.0,9.0,no
71.0,11.0,,6.0,171.0,,0.04,24.36,36.83,,,,58.0,0.0,,,16.0,22.0,104.0,67.0,,no
,6.0,1.0,3.0,63.0,276.72,0.13,,,2213.73,,122.98,,3.0,4.0,,8.0,,37.0,26.0,,no
33.0,6.0,,3.0,,348.29,,8.72,39.95,,0.12,168.7,24.0,,7.0,0.0,9.0,16.0,,31.0,11.0,no
49.0,4.0,,2.0,77.0,,,14.63,27.01,5776.21,0.13,320.9,19.0,18.0,7.0,0.0,,,38.0,39.0,7.0,no
4.0,,1.0,1.0,4.0,8.0,,1.5,5.33,,0.0,0.67,,0.0,,0.0,3.0,,,,,no
,5.0,1.0,3.0,70.0,336.51,,9.71,34.67,3266.17,,,,,,,11.0,17.0,40.0,,,no
,,1.0,,,614.32,0.06,,,9760.87,,542.27,39.0,2.0,,0.0,13.0,18.0,,,5.0,no
62.0,,3.0,,184.0,,,16.88,60.57,17247.0,0.34,,,1.0,,0.0,15.0,,112.0,72.0,11.0,no
,,,1.0,44.0,176.0,0.09,11.57,,2036.57,,,,,1.0,,,7.0,26.0,18.0,7.0,no
,,1.0,2.0,53.0,,0.14,,,1826.9,,,23.0,,,0.0,11.0,15.0,33.0,20.0,3.0,no
5.0,1.0,1.0,,,,,1.5,,,,,2.0,0.0,1.0,0.0,,,3.0,2.0,,no
32.0,,1.0,2.0,63.0,306.05,0.16,,,,0.1,107.12,,2.0,,,,20.0,,,,no
,,,1.0,,,0.67,1.5,,,0.0,0.67,,,0.0,,,1.0,3.0,1.0,1.0,no
7.0,1.0,,1.0,13.0,,0.2,5.0,7.3,182.48,,10.14,5.0,,0.0,0.0,,,,,1.0,no
,1.0,,,13.0,36.5,0.2,5.0,7.3,182.48,0.01,10.14,4.0,0.0,,,5.0,2.0,9.0,,,no
,1.0,1.0,1.0,13.0,36.5,,,7.3,182.48,,,,,0.0,,,2.0,9.0,4.0,1.0,no
6.0,1.0,1.0,1.0,11.0,,,4.5,7.33,,0.01,,,,,,6.0,,,3.0,1.0,no
4.0,1.0,1.0,1.0,,,,,5.33,12.0,0.0,,,,,0.0,3.0,,3.0,,1.0,no
8.0,1.0,1.0,,,,0.27,3.75,,161.94,0.01,9.0,,,0.0,,6.0,,8.0,5.0,,no
6.0,2.0,1.0,,13.0,41.21,0.33,3.0,,,0.01,6.87,,0.0,0.0,,,3.0,10.0,,,no
,,1.0,1.0,,,0.22,,,148.5,0.01,,,0.0,0.0,0.0,,,,3.0,,no
,,1.0,,4.0,8.0,0.67,,,12.0,0.0,0.67,,0.0,,0.0,,,3.0,1.0,1.0,no
6.0,,,,,23.26,,2.0,,46.53,,,,,,,,,5.0,4.0,,no
4.0,1.0,,1.0,5.0,,,,,17.41,0.0,0.97,,,0.0,0.0,3.0,,3.0,2.0,1.0,no
,9.0,6.0,,132.0,707.2,0.07,,52.46,9534.06,0.24,,39.0,3.0,2.0,,,27.0,80.0,52.0,17.0,no
,4.0,1.0,,49.0,218.51,,,,1857.35,,103.19,15.0,0.0,0.0,0.0,11.0,,32.0,17.0,7.0,no
,15.0,1.0,7.0,160.0,827.19,0.04,,35.09,,,1083.22,,,2.0,1.0,15.0,21.0,,,29.0,no
,2.0,1.0,,33.0,,0.1,10.0,,1348.86,0.04,74.94,7.0,,,2.0,10.0,7.0,,14.0,3.0,no
30.0,3.0,1.0,3.0,,257.83,0.09,11.45,22.51,2953.47,,164.08,,0.0,,1.0,12.0,11.0,36.0,21.0,,no
11.0,2.0,1.0,2.0,18.0,64.53,0.14,7.0,9.22,451.71,0.02,25.09,7.0,,,1.0,8.0,4.0,11.0,,,no
13.0,2.0,,2.0,,,,,13.39,,0.04,50.62,9.0,1.0,,0.0,,8.0,14.0,12.0,3.0,no
29.0,4.0,1.0,,,206.44,,7.27,28.39,1501.37,0.07,,,,2.0,0.0,10.0,,31.0,16.0,5.0,no
60.0,5.0,1.0,5.0,115.0,,0.08,,44.76,7897.06,0.2,438.73,,3.0,,,13.0,,68.0,,9.0,no
5.0,2.0,,1.0,,53.77,,3.0,17.92,,0.02,8.96,,0.0,0.0,0.0,6.0,,9.0,,3.0,no
47.0,3.0,1.0,,115.0,,0.1,10.48,54.38,5968.63,0.19,331.59,36.0,0.0,7.0,0.0,,,,44.0,5.0,no
38.0,,,4.0,,,,8.89,45.43,3589.49,,,27.0,,5.0,,10.0,18.0,52.0,,7.0,no
,4.0,1.0,4.0,112.0,579.03,,11.25,51.47,6514.11,,,36.0,0.0,,,,,67.0,45.0,7.0,no
2.0,1.0,,,,8.0,0.67,1.5,,12.0,0.0,0.67,0.0,0.0,0.0,,,,3.0,1.0,1.0,no
8.0,1.0,,1.0,,44.38,,,,77.66,0.01,4.31,6.0,0.0,,0.0,3.0,6.0,,7.0,1.0,no
,1.0,1.0,1.0,4.0,,,,,,,0.67,2.0,,0.0,0.0,,,,,1.0,no
4.0,1.0,,1.0,4.0,8.0,0.67,1.5,,12.0,,0.67,,,0.0,,3.0,,3.0,,,no
20.0,,3.0,,45.0,206.32,0.09,10.64,19.4,2194.53,,121.92,,,,0.0,,,,,,no
2.0,1.0,1.0,1.0,4.0,8.0,0.67,1.5,,12.0,0.0,,,0.0,0.0,,3.0,1.0,3.0,1.0,1.0,no
9.0,1.0,,1.0,13.0,,,4.0,,,0.01,,3.0,2.0,2.0,0.0,6.0,3.0,,,1.0,no
9.0,1.0,,,13.0,41.21,0.25,4.0,10.3,,0.01,9.16,3.0,,2.0,0.0,,3.0,9.0,,,no
,7.0,,7.0,118.0,590.0,,20.29,29.07,,,665.2,42.0,1.0,,1.0,15.0,17.0,72.0,,13.0,no
6.0,1.0,,,,,0.67,1.5,,37.9,0.01,,4.0,,,0.0,3.0,,5.0,,,no
4.0,,1.0,1.0,,,,1.5,,17.41,0.0,0.97,,0.0,0.0,,3.0,2.0,3.0,,1.0,no
94.0,,1.0,6.0,,1335.69,0.05,,,29104.02,,1616.89,71.0,0.0,20.0,,18.0,38.0,138.0,92.0,,no
109.0,8.0,1.0,,,1596.13,,28.75,,45888.62,0.53,,,2.0,,0.0,,,,115.0,,no
16.0,,,2.0,,247.76,0.11,8.94,27.72,2214.33,0.08,,,0.0,0.0,1.0,,16.0,,22.0,7.0,no
1.0,,,1.0,6.0,,,2.5,6.2,,0.01,2.15,0.0,0.0,0.0,0.0,5.0,1.0,5.0,1.0,1.0,no
,10.0,1.0,,122.0,,,19.41,,,0.22,709.51,37.0,,10.0,4.0,,23.0,75.0,,,no
,,16.0,27.0,,,,29.64,76.61,,0.76,3739.18,115.0,20.0,10.0,,17.0,39.0,255.0,136.0,59.0,yes
133.0,,9.0,,408.0,2586.66,,27.7,,71663.17,,,,7.0,20.0,6.0,20.0,,,,41.0,yes
,14.0,6.0,11.0,336.0,1951.27,0.05,22.0,,42927.97,0.65,2384.89,104.0,4.0,18.0,2.0,14.0,42.0,204.0,132.0,27.0,yes
,18.0,16.0,,352.0,,0.04,,91.92,46254.62,0.69,2569.7,,2.0,,0.0,,44.0,211.0,,35.0,yes
,,125.0,143.0,,,0.01,81.47,,2147483.64,,153047.01,1107.0,39.0,,,35.0,,2469.0,1513.0,361.0,yes
107.0,9.0,,7.0,317.0,1916.07,0.04,,68.86,,0.64,,,0.0,,,20.0,46.0,,128.0,17.0,yes
,16.0,14.0,11.0,,1743.64,0.03,,,,0.58,,,,12.0,1.0,,40.0,,,31.0,yes
517.0,86.0,35.0,46.0,1340.0,,0.02,53.77,,,,,401.0,44.0,56.0,6.0,,,798.0,542.0,171.0,yes
,,,10.0,,1394.93,,18.89,,26351.11,0.46,1463.95,80.0,,15.0,0.0,,32.0,161.0,,27.0,yes
102.0,,8.0,,,,0.04,27.73,61.3,,0.57,2618.49,,,15.0,2.0,,,,114.0,41.0,yes
,,3.0,,213.0,,0.06,16.19,,19044.9,,1058.05,,26.0,,0.0,14.0,32.0,,,,yes
,,18.0,21.0,572.0,,,41.95,88.94,,,,195.0,38.0,,,,66.0,359.0,,47.0,yes
,13.0,,,,1417.45,0.05,20.3,,28777.45,,1598.75,68.0,6.0,12.0,1.0,,43.0,,,25.0,yes
,19.0,,12.0,,1571.08,0.04,,62.74,,,,71.0,0.0,7.0,,,37.0,,,37.0,yes
,9.0,5.0,6.0,185.0,,,20.36,52.3,21673.32,,1204.07,,3.0,,4.0,19.0,35.0,110.0,75.0,17.0,yes
148.0,16.0,8.0,11.0,,,,9.68,69.96,,0.23,,36.0,1.0,,0.0,23.0,49.0,238.0,147.0,,yes
143.0,26.0,,21.0,420.0,2639.87,0.03,,,,,5442.69,116.0,7.0,,5.0,,,253.0,167.0,51.0,yes
140.0,,17.0,,421.0,,0.02,43.8,,113783.48,0.87,6321.3,115.0,12.0,,,,46.0,,155.0,43.0,yes
,,1.0,,169.0,852.5,0.06,18.0,47.36,15345.05,,852.5,,2.0,,0.0,,21.0,106.0,63.0,9.0,yes
67.0,5.0,,5.0,213.0,,0.06,16.34,,19640.39,,,,4.0,,2.0,,,120.0,93.0,,yes
,,7.0,7.0,,1121.58,0.05,,,,0.37,1197.37,,2.0,,,,37.0,,79.0,,yes
61.0,4.0,,,159.0,873.2,,16.5,,14407.88,0.29,800.44,,,10.0,0.0,15.0,30.0,93.0,66.0,,yes
61.0,,,7.0,,,,18.9,32.03,,0.2,,,,4.0,0.0,,27.0,,,13.0,yes
60.0,9.0,5.0,,,573.04,0.05,22.17,,,0.19,705.69,,17.0,,0.0,19.0,18.0,68.0,,17.0,yes
,,,6.0,184.0,,,,39.36,24687.6,,1371.53,,1.0,10.0,,,23.0,120.0,,,yes
59.0,7.0,7.0,,,,,17.28,,12590.68,0.24,,44.0,,8.0,2.0,,,,54.0,,yes
57.0,8.0,,,,,0.08,13.07,60.06,,0.26,,45.0,4.0,,0.0,9.0,,,61.0,,yes
56.0,,1.0,,,546.99,,13.98,,7645.46,0.18,,44.0,3.0,,0.0,15.0,,64.0,41.0,7.0,yes
110.0,12.0,10.0,,,,0.04,,76.07,43816.67,,,88.0,3.0,15.0,0.0,16.0,41.0,,123.0,,yes
54.0,4.0,,,,680.41,0.07,15.29,44.5,,,577.91,,,10.0,0.0,15.0,,74.0,53.0,7.0,yes
269.0,47.0,8.0,,,5610.39,0.02,,,271767.2,,15098.18,198.0,,26.0,11.0,21.0,,506.0,,,yes
52.0,7.0,,4.0,,692.86,,,,,0.23,,,,9.0,,12.0,25.0,,52.0,13.0,yes
,6.0,4.0,,,488.4,,,,6747.58,0.16,,42.0,3.0,,0.0,,,61.0,,11.0,yes
101.0,11.0,4.0,8.0,309.0,1900.27,0.04,,84.78,42594.77,,2366.38,84.0,,12.0,,,53.0,177.0,,,yes
99.0,,5.0,5.0,,889.68,0.11,,96.49,8203.37,0.3,455.74,46.0,0.0,8.0,0.0,,50.0,172.0,,5.0,yes
194.0,23.0,1.0,,,3204.21,0.02,43.41,,,1.07,,137.0,,29.0,,26.0,,317.0,187.0,,yes
,,17.0,15.0,,1613.0,0.05,20.72,77.86,33418.04,0.54,,,,8.0,0.0,16.0,,178.0,101.0,,yes
46.0,,1.0,4.0,133.0,,0.05,,34.98,,0.23,739.04,,,2.0,0.0,15.0,,,52.0,13.0,yes
46.0,3.0,1.0,2.0,79.0,,,10.42,,,0.13,224.43,,,,0.0,11.0,,,,5.0,yes
,,,,327.0,,,,75.77,,0.66,2864.52,112.0,9.0,14.0,,,46.0,207.0,120.0,,yes
,8.0,7.0,,252.0,1469.89,,,57.08,37849.62,0.49,,71.0,5.0,8.0,,19.0,38.0,,103.0,15.0,yes
591.0,,34.0,,,14068.49,0.02,64.05,219.66,901039.76,4.69,,443.0,,,6.0,,150.0,,739.0,173.0,yes
45.0,9.0,6.0,,132.0,707.2,,13.48,52.46,9534.06,,529.67,39.0,,1.0,,14.0,,,52.0,17.0,yes
42.0,3.0,1.0,,,505.33,,13.72,36.83,6934.22,0.17,385.23,31.0,2.0,,,,18.0,,38.0,,yes
,4.0,1.0,,78.0,393.46,0.08,,,4928.64,0.13,,23.0,5.0,9.0,,,19.0,,34.0,,yes
122.0,,5.0,5.0,353.0,,0.03,,,79136.2,0.7,4396.46,91.0,4.0,,,21.0,40.0,209.0,144.0,,yes
80.0,,,6.0,203.0,1101.53,0.06,,,18877.98,,,58.0,,11.0,,14.0,29.0,,71.0,15.0,yes
76.0,10.0,,,,,0.03,29.4,34.57,29880.26,,1660.01,60.0,,9.0,0.0,,25.0,114.0,70.0,19.0,yes
,12.0,5.0,6.0,200.0,,0.04,23.23,,26081.23,,1448.96,63.0,0.0,6.0,0.0,18.0,,,,,yes
,,1.0,,,548.16,0.09,11.07,49.5,,,337.24,26.0,0.0,5.0,,,27.0,57.0,46.0,,yes
143.0,14.0,6.0,10.0,,2260.24,0.04,,90.25,56608.76,,3144.93,,,21.0,1.0,,55.0,,145.0,27.0,yes
,11.0,,9.0,175.0,,,20.34,47.25,19547.56,,1085.98,,4.0,6.0,0.0,17.0,28.0,,67.0,21.0,yes
35.0,,1.0,,77.0,,0.1,,38.55,3913.31,0.13,217.41,30.0,0.0,,0.0,13.0,,,31.0,9.0,yes
,17.0,,11.0,,2159.53,0.04,22.27,,48102.42,0.72,2672.36,86.0,5.0,11.0,0.0,16.0,,,,,yes
34.0,6.0,6.0,6.0,80.0,,0.06,16.29,,,,365.12,27.0,1.0,,0.0,,,,,11.0,yes
,,,9.0,,1452.82,,24.75,,35957.39,0.48,1997.63,,12.0,16.0,,,,154.0,,,yes
,6.0,,3.0,,,,12.89,32.08,5333.78,,,,0.0,3.0,,14.0,19.0,47.0,,,yes
63.0,5.0,1.0,,,873.51,,16.57,52.73,14471.13,,,50.0,,10.0,0.0,14.0,,,71.0,9.0,yes
,7.0,,,166.0,916.91,0.06,16.19,,14842.5,0.31,,49.0,1.0,9.0,0.0,14.0,32.0,92.0,74.0,,yes
,4.0,,3.0,,,0.06,16.39,46.06,12372.37,,,,1.0,10.0,,15.0,,,59.0,7.0,yes
113.0,14.0,,12.0,,1558.9,0.05,,76.27,,0.52,,85.0,,15.0,0.0,,,164.0,,,yes
,,16.0,10.0,426.0,2677.58,0.04,24.66,108.56,,0.89,3668.87,118.0,1.0,16.0,1.0,,61.0,,,,yes
,,1.0,3.0,131.0,715.19,0.06,,42.07,12158.15,,,,0.0,11.0,0.0,17.0,27.0,77.0,,7.0,yes
210.0,5.0,1.0,,,4305.28,,,,,1.44,9894.18,,,41.0,,17.0,,,,,yes
,,,4.0,162.0,879.05,,,44.28,,,,,,16.0,0.0,,27.0,95.0,67.0,,yes
,1.0,1.0,1.0,40.0,,0.19,5.23,33.59,,0.06,,13.0,2.0,7.0,,8.0,13.0,23.0,17.0,1.0,yes
,3.0,1.0,2.0,353.0,2050.0,0.03,31.2,65.71,63959.88,0.68,,87.0,,23.0,0.0,16.0,40.0,197.0,156.0,5.0,yes
,,,16.0,,3869.14,0.03,,128.36,116627.07,,6479.28,,,30.0,4.0,20.0,70.0,385.0,,,yes
45.0,,1.0,4.0,,1158.88,0.04,23.33,49.67,27040.55,,1502.25,,,4.0,,,,106.0,91.0,17.0,yes
112.0,,,15.0,348.0,2206.27,0.04,,,,0.74,3034.12,93.0,,,5.0,20.0,61.0,197.0,151.0,,yes
44.0,,1.0,2.0,66.0,,0.09,,29.41,3635.21,0.11,201.96,,12.0,,,14.0,17.0,39.0,,,yes
43.0,3.0,1.0,,83.0,380.55,,8.25,,3139.55,,174.42,,4.0,,,8.0,,,33.0,,yes
43.0,6.0,,5.0,,,,,25.07,,,705.16,,,9.0,0.0,,20.0,,45.0,11.0,yes
,7.0,,4.0,89.0,,0.08,,,,0.14,308.77,,,3.0,,12.0,14.0,,,13.0,yes
,10.0,5.0,,,949.05,0.05,21.54,,,0.32,,50.0,4.0,2.0,0.0,16.0,,106.0,,,yes
37.0,8.0,1.0,4.0,99.0,,0.09,11.65,,5543.16,0.16,307.95,24.0,4.0,7.0,,11.0,17.0,,,15.0,yes
18.0,2.0,,,,,0.1,,,,0.04,73.33,12.0,1.0,3.0,,,,21.0,12.0,3.0,yes
,,1.0,,,618.27,,,37.1,10304.47,0.21,,,2.0,5.0,,12.0,,,,,yes
65.0,,,,139.0,712.97,0.06,,43.88,11585.77,0.24,,,,,,,22.0,84.0,,,yes
32.0,,,,,446.25,0.06,,,7559.96,,,27.0,1.0,2.0,0.0,,,55.0,32.0,,yes
15.0,2.0,1.0,,19.0,,,,,222.69,0.02,12.37,,,,0.0,,18.0,,22.0,3.0,yes
88.0,10.0,6.0,6.0,,1123.14,0.06,17.83,,,,1112.44,66.0,7.0,11.0,0.0,,35.0,120.0,,19.0,yes
,1.0,1.0,1.0,73.0,354.63,0.11,9.17,38.69,3250.8,0.12,180.6,20.0,,7.0,0.0,11.0,18.0,43.0,,1.0,yes
14.0,,,2.0,33.0,142.62,,5.73,24.9,816.84,0.05,45.38,12.0,0.0,0.0,,,11.0,19.0,14.0,5.0,yes
14.0,,1.0,2.0,61.0,307.71,0.11,9.42,,2900.15,0.1,161.12,12.0,0.0,0.0,0.0,13.0,,,,,yes
,,1.0,,42.0,189.99,,6.54,,1242.24,0.06,69.01,10.0,,,,10.0,,25.0,17.0,,yes
81.0,,1.0,,,,0.04,22.77,49.93,25882.81,0.38,1437.93,,4.0,11.0,0.0,,,132.0,75.0,13.0,yes
13.0,2.0,1.0,,,131.69,0.21,4.73,,,,34.58,,0.0,1.0,0.0,8.0,,18.0,,3.0,yes
37.0,2.0,,2.0,,343.87,,10.5,,3610.66,0.11,,,,,0.0,7.0,,,,3.0,yes
,,1.0,,,110.36,,4.2,26.28,,0.04,25.75,,0.0,,0.0,,,15.0,12.0,3.0,yes
,,,,34.0,151.62,,7.2,21.06,1091.67,0.05,60.65,9.0,,0.0,,,,22.0,12.0,,yes
,,1.0,,,64.53,0.14,7.0,9.22,451.71,0.02,25.09,8.0,0.0,0.0,0.0,8.0,,,7.0,3.0,yes
8.0,1.0,,,10.0,,0.3,3.33,9.0,100.0,0.01,,4.0,0.0,1.0,0.0,5.0,,,,1.0,yes
,,,1.0,10.0,30.0,,3.33,9.0,,0.01,5.56,4.0,0.0,1.0,0.0,5.0,3.0,6.0,,,yes
14.0,,,,,128.0,,,28.44,576.0,,,9.0,0.0,,,,10.0,17.0,15.0,5.0,yes
6.0,,,1.0,15.0,53.77,,2.5,21.51,134.44,0.02,7.47,2.0,,2.0,0.0,5.0,,,,,yes
4.0,1.0,1.0,1.0,5.0,11.61,0.5,,5.8,23.22,0.0,1.29,2.0,0.0,,,4.0,,4.0,1.0,,yes
4.0,,,,,8.0,0.67,,5.33,12.0,,,2.0,0.0,0.0,,3.0,,,,,yes
,,1.0,1.0,4.0,8.0,,,5.33,12.0,0.0,0.67,2.0,0.0,0.0,0.0,3.0,,3.0,1.0,1.0,yes
4.0,,1.0,,5.0,,0.67,1.5,,17.41,,,2.0,0.0,0.0,,3.0,,,,1.0,yes
3.0,,1.0,,1.0,0.0,0.0,0.0,,0.0,0.0,,,,,0.0,1.0,0.0,1.0,0.0,1.0,yes
